{"cameraMode":{"drawMode":0,"name":"Shaded","section":"Shading Mode"},"sceneLighting":false,"audioPlay":false,"sceneViewState":{"m_AlwaysRefresh":false,"showFog":true,"showSkybox":false,"showFlares":true,"showImageEffects":true,"showParticleSystems":true,"showVisualEffectGraphs":true,"m_FxEnabled":true},"in2DMode":false,"pivot":{"x":-6.37774658203125,"y":8.639278411865235,"z":-27.839324951171876},"rotation":{"x":0.07084912806749344,"y":-0.32454898953437807,"z":0.024392694234848024,"w":0.9429065585136414},"size":39.893829345703128,"orthographic":false}